Type,Address,Data0,Data1,Data2,Data3,Data4,Data5,Data6,Data7,Data8,Data9,Data10,Data11,Data12,Data13,Data14,Data15,Data16,Data17,Data18,Data19
Read,1C,21,19,58
Write,1C,01,00,CC
Read,1C,08,D6,5A
Write,1C,01,00,CB
Read,1C,1A,F1,E2
Write,1C,01,01,03
Read,1C,00,00,01
Write,1C,01,01,01
Read,1C,2D,69,D6
Write,1C,01,00,CC
Read,1C,6A,3B,C4
Write,1C,01,11,17,00,00
Write,1C,01,02,DD,00,00,01
Write,1C,00,FF,FF
Write,62,08,C2
Write,1C,01,00,CB
Read,1C,37,6A,DD
Write,1C,01,01,03
Read,1C,00,00,00
Write,1C,01,01,01
Read,1C,07,4B,68
Write,1C,01,00,CC
Read,1C,7E,95,AF
Write,1C,0D,02,7F
Read,1C,00,02,C1
Write,1C,0D,02,80
Read,1C,00,03,EA
Write,1C,0D,10,1C,02,5B,05,2D,00,7F
Write,1C,0D,00,69,00,00,B2
Write,1C,0D,00,6A,00,00,03
Write,1C,0D,12,9B
Read,1C,08,00
Write,1C,0D,12,9C
Read,1C,08,00
Write,1C,0D,12,9D
Read,1C,08,00
Write,1C,0D,12,9E
Read,1C,08,00
Write,1C,01,00,CC
Read,1C,7A,95,B3
Write,1C,01,01,01
Read,1C,10,9B,46
Write,1C,01,01,13
Read,1C,F9,91,C6
Write,1C,01,00,CB
Read,1C,38,05,12
Write,1C,01,01,03
Read,1C,00,00,00
Write,1C,01,01,01
Read,1C,0B,23,47
Write,1C,01,00,CC
Read,1C,70,BF,14
Write,1C,0D,02,7F
Read,1C,00,05,2C
Write,1C,0D,02,80
Read,1C,00,08,9C
Write,1C,0D,12,9B
Read,1C,08,00
Write,1C,0D,12,9C
Read,1C,08,00
Write,1C,0D,12,9D
Read,1C,08,00
Write,1C,0D,12,9E
Read,1C,08,00
Write,1C,0D,10,1C,07,FC,07,F7,07,6B,0C,07,07,B5,00,03,00,4B,0F,FC
Write,1C,0D,00,69,00,02,B6
Write,1C,0D,00,6A,00,00,08
Write,1C,0D,10,1C,00,A6,0F,89,01,C4,00,00,0E,3C
Write,1C,0D,00,69,00,02,BE
Write,1C,0D,00,6A,00,00,05
Write,1C,0D,12,CB,02,29
Write,1C,0D,12,D1,01,2B
Write,1C,01,00,CB
Read,1C,35,B7,77
Write,1C,01,01,03
Read,1C,00,00,00
Write,1C,01,01,01
Read,1C,0C,14,2C
Write,1C,01,00,CC
Read,1C,7B,4C,71
Write,1C,01,00,CB
Read,1C,34,F9,CB
Write,1C,01,01,03
Read,1C,00,00,00
Write,1C,01,01,01
Read,1C,08,72,3F
Write,1C,01,00,CC
Read,1C,7F,33,94
Write,1C,0D,02,7F
Read,1C,00,07,7E
Write,1C,0D,02,80
Read,1C,00,0B,97
Write,1C,0D,12,9B
Read,1C,08,00
Write,1C,0D,12,9C
Read,1C,08,00
Write,1C,0D,12,9D
Read,1C,08,00
Write,1C,0D,12,9E
Read,1C,08,00
Write,1C,0D,10,4F,02,02,02,02
Write,1C,0D,10,53,07,FF
Write,1C,0D,10,6F,01,44
Write,1C,0D,10,70,03,00
Write,1C,0D,10,54,05,B8,05,B8
Write,1C,0D,10,58,04,00
Write,1C,01,00,CB
Read,1C,35,4F,0B
Write,1C,01,01,03
Read,1C,00,00,00
Write,1C,01,01,01
Read,1C,09,29,40
Write,1C,01,00,CC
Read,1C,7B,F1,73
Write,1C,01,00,CB
Read,1C,38,EC,5D
Write,1C,01,01,03
Read,1C,00,00,00
Write,1C,01,01,01
Read,1C,05,B2,A1
Write,1C,01,00,CC
Read,1C,7F,3B,F0
Write,1C,0D,02,7F
Read,1C,00,04,16
Write,1C,0D,02,80
Read,1C,00,05,89
Write,1C,0D,10,6B,0F,E3,00,08
Write,1C,0D,12,C5,00,00
Write,1C,0D,12,9B
Read,1C,08,00
Write,1C,0D,12,9C
Read,1C,08,00
Write,1C,0D,12,9D
Read,1C,08,00
Write,1C,0D,12,9E
Read,1C,08,00
Write,1C,01,00,CB
Read,1C,36,6E,49
Write,1C,01,01,03
Read,1C,00,00,00
Write,1C,01,01,01
Read,1C,0C,1F,A0
Write,1C,01,00,CC
Read,1C,79,03,EA
Write,1C,01,11,17,00,01
Write,1C,01,02,DD,00,00,01
Write,1C,00,FF,FF
Write,62,08,A6,D8,00,EA,8E
Write,1C,00,FF,FF
Write,62,08,A6,58
Write,1C,01,02,DD,00,00,01
Write,1C,0D,02,7F
Read,1C,00,05,39
Write,1C,0D,02,80
Read,1C,00,07,29
Write,1C,0D,10,41,08,00,08,00
Write,1C,0D,12,9B
Read,1C,08,00
Write,1C,0D,12,9C
Read,1C,08,00
Write,1C,0D,12,9D
Read,1C,08,00
Write,1C,0D,12,9E
Read,1C,08,00
Write,1C,01,00,CB
Read,1C,3F,39,53
Write,1C,01,01,03
Read,1C,00,00,01
Write,1C,01,01,01
Read,1C,06,EB,56
Write,1C,01,00,CC
Read,1C,72,1C,78
Write,1C,01,00,CC
Read,1C,7C,DD,4B
Write,1C,01,01,01
Read,1C,05,F4,BA
Write,1C,01,01,13
Read,1C,FF,B6,B8
Write,1C,01,00,CB
Read,1C,3F,9E,1B
Write,1C,01,01,03
Read,1C,00,00,01
Write,1C,01,01,01
Read,1C,07,04,52
Write,1C,01,00,CC
Read,1C,7E,8C,2B
Write,1C,01,00,CB
Read,1C,3E,CC,A9
Write,1C,01,01,03
Read,1C,00,00,01
Write,1C,01,01,01
Read,1C,07,0C,7C
Write,1C,01,00,CC
Read,1C,7E,1D,4A
Write,1C,01,11,17,00,01
Write,1C,00,FF,FF
Write,62,08,A6,58,00,EA,8E
Write,1C,01,02,DD,00,00,00
Write,1C,0D,02,7F
Read,1C,00,03,7C
Write,1C,0D,02,80
Read,1C,00,06,9C
Write,1C,0D,10,3F,08,00,08,00
Write,1C,0D,12,9B
Read,1C,08,00
Write,1C,0D,12,9C
Read,1C,08,00
Write,1C,0D,12,9D
Read,1C,08,00
Write,1C,0D,12,9E
Read,1C,08,00
Write,1C,01,00,CB
Read,1C,3E,BD,1C
Write,1C,01,01,03
Read,1C,00,00,01
Write,1C,01,01,01
Read,1C,07,F4,C3
Write,1C,01,00,CC
Read,1C,7D,D0,FB
Write,1C,01,00,CB
Read,1C,3E,D8,4D
Write,1C,01,01,03
Read,1C,00,00,01
Write,1C,01,01,01
Read,1C,07,3C,03
Write,1C,01,00,CC
Read,1C,7E,38,C4
Write,1C,0D,02,7F
Read,1C,00,03,01
Write,1C,0D,02,80
Read,1C,00,04,A3
Write,1C,0D,10,1C,07,F4,02,19,0C,0B,04,D8,00,05,06,6C,00,00,00,00,0F,FA,01,94,00,C1
Write,1C,0D,00,69,00,00,A7
Write,1C,0D,00,6A,00,00,0B
Write,1C,0D,12,9B
Read,1C,08,00
Write,1C,0D,12,9C
Read,1C,08,00
Write,1C,0D,12,9D
Read,1C,08,00
Write,1C,0D,12,9E
Read,1C,08,00
Write,1C,01,00,CB
Read,1C,3F,45,D6
Write,1C,01,01,03
Read,1C,00,00,01
Write,1C,01,01,01
Read,1C,05,0C,5B
Write,1C,01,00,CC
Read,1C,7E,95,7A
Write,1C,01,00,CB
Read,1C,3F,25,D6
Write,1C,01,01,03
Read,1C,00,00,01
Write,1C,01,01,01
Read,1C,05,AC,08
Write,1C,01,00,CC
Read,1C,7F,8E,AE
Write,1C,01,00,CB
Read,1C,3E,E8,36
Write,1C,01,01,03
Read,1C,00,00,01
Write,1C,01,01,01
Read,1C,05,08,8C
Write,1C,01,00,CC
Read,1C,7E,CC,FD
Write,1C,0D,02,7F
Read,1C,00,03,19
Write,1C,0D,02,80
Read,1C,00,04,FD
Write,1C,0D,12,9B
Read,1C,08,00
Write,1C,0D,12,9C
Read,1C,08,00
Write,1C,0D,12,9D
Read,1C,08,00
Write,1C,0D,12,9E
Read,1C,08,00
Write,1C,01,00,CB
Read,1C,3E,B2,B0
Write,1C,01,01,03
Read,1C,00,00,01
Write,1C,01,01,01
Read,1C,06,7B,07
Write,1C,01,00,CC
Read,1C,7D,3C,41
Write,1C,01,00,CB
Read,1C,3E,81,B9
Write,1C,01,01,03
Read,1C,00,00,01
Write,1C,01,01,01
Read,1C,07,E6,6F
Write,1C,01,00,CC
Read,1C,7E,3E,90
Write,1C,0D,02,7F
Read,1C,00,02,41
Write,1C,0D,02,80
Read,1C,00,03,D4
Write,1C,0D,10,1C,02,5B,05,2D,00,7F
Write,1C,0D,00,69,00,00,B2
Write,1C,0D,00,6A,00,00,03
Write,1C,0D,12,9B
Read,1C,08,00
Write,1C,0D,12,9C
Read,1C,08,00
Write,1C,0D,12,9D
Read,1C,08,00
Write,1C,0D,12,9E
Read,1C,08,00
Write,1C,01,00,CB
Read,1C,3F,07,BB
Write,1C,01,01,03
Read,1C,00,00,01
Write,1C,01,01,01
Read,1C,05,9E,F3
Write,1C,01,00,CC
Read,1C,7C,B7,09
Write,1C,0D,02,7F
Read,1C,00,04,1D
Write,1C,0D,02,80
Read,1C,00,05,86
Write,1C,0D,12,9B
Read,1C,08,00
Write,1C,0D,12,9C
Read,1C,08,00
Write,1C,0D,12,9D
Read,1C,08,00
Write,1C,0D,12,9E
Read,1C,08,00
Write,1C,0D,10,1C,07,FC,07,F7,07,6B,0C,07,07,B5,00,03,00,4B,0F,FC
Write,1C,0D,00,69,00,02,B6
Write,1C,0D,00,6A,00,00,08
Write,1C,0D,10,1C,00,A6,0F,89,01,C4,00,00,0E,3C
Write,1C,0D,00,69,00,02,BE
Write,1C,0D,00,6A,00,00,05
Write,1C,0D,12,CB,02,29
Write,1C,0D,12,D1,01,2B
Write,1C,01,00,CB
Read,1C,3F,7C,7C
Write,1C,01,01,03
Read,1C,00,00,01
Write,1C,01,01,01
Read,1C,07,16,B6
Write,1C,01,00,CC
Read,1C,7B,C6,AC
Write,1C,01,00,CB
Read,1C,3F,4A,A5
Write,1C,01,01,03
Read,1C,00,00,01
Write,1C,01,01,01
Read,1C,04,B3,45
Write,1C,01,00,CC
Read,1C,7D,AC,31
Write,1C,01,00,CB
Read,1C,3F,68,89
Write,1C,01,01,03
Read,1C,00,00,01
Write,1C,01,01,01
Read,1C,03,D8,93
Write,1C,01,00,CC
Read,1C,7D,F6,1D
Write,1C,0D,02,7F
Read,1C,00,07,95
Write,1C,0D,02,80
Read,1C,00,0C,76
Write,1C,0D,12,9B
Read,1C,08,00
Write,1C,0D,12,9C
Read,1C,08,00
Write,1C,0D,12,9D
Read,1C,08,00
Write,1C,0D,12,9E
Read,1C,08,00
Write,1C,0D,10,4F,02,02,02,02
Write,1C,0D,10,53,07,FF
Write,1C,0D,10,6F,01,44
Write,1C,0D,10,70,03,00
Write,1C,0D,10,54,05,B8,05,B8
Write,1C,0D,10,58,04,00
Write,1C,01,00,CB
Read,1C,3F,BE,69
Write,1C,01,01,03
Read,1C,00,00,01
Write,1C,01,01,01
Read,1C,06,FF,B2
Write,1C,01,00,CC
Read,1C,7C,AB,38
Write,1C,0D,02,7F
Read,1C,00,07,AA
Write,1C,0D,02,80
Read,1C,00,0A,EB
Write,1C,0D,10,6B,0F,E3,00,08
Write,1C,0D,12,C5,00,00
Write,1C,0D,12,9B
Read,1C,08,00
Write,1C,0D,12,9C
Read,1C,08,00
Write,1C,0D,12,9D
Read,1C,08,00
Write,1C,0D,12,9E
Read,1C,08,00
Write,1C,01,00,CB
Read,1C,3E,FF,03
Write,1C,01,01,03
Read,1C,00,00,01
Write,1C,01,01,01
Read,1C,06,55,52
Write,1C,01,00,CC
Read,1C,7B,72,56
Write,1C,01,00,CB
Read,1C,3F,70,7D
Write,1C,01,01,03
Read,1C,00,00,01
Write,1C,01,01,01
Read,1C,07,2D,06
Write,1C,01,00,CC
Read,1C,7D,50,F3
Write,1C,0D,02,7F
Read,1C,00,04,30
Write,1C,0D,02,80
Read,1C,00,05,4D
Write,1C,0D,10,41,08,00,08,00
Write,1C,0D,12,9B
Read,1C,08,00
Write,1C,0D,12,9C
Read,1C,08,00
Write,1C,0D,12,9D
Read,1C,08,00
Write,1C,0D,12,9E
Read,1C,08,00
Write,1C,01,00,CB
Read,1C,3F,A4,83
Write,1C,01,01,03
Read,1C,00,00,01
Write,1C,01,01,01
Read,1C,04,11,14
Write,1C,01,00,CC
Read,1C,7B,AF,74
Write,1C,0D,02,7F
Read,1C,00,04,72
Write,1C,0D,02,80
Read,1C,00,05,D1
Write,1C,0D,10,3F,08,00,08,00
Write,1C,0D,12,9B
Read,1C,08,00
Write,1C,0D,12,9C
Read,1C,08,00
Write,1C,0D,12,9D
Read,1C,08,00
Write,1C,0D,12,9E
Read,1C,08,00
Write,1C,01,00,CB
Read,1C,3E,56,5F
Write,1C,01,01,03
Read,1C,00,00,01
Write,1C,01,01,01
Read,1C,07,E5,E9
Write,1C,01,00,CC
Read,1C,7E,98,DE
Write,1C,01,00,95
Read,1C,12
Write,1C,01,00,CB
Read,1C,3E,4D,AB
Write,1C,01,01,03
Read,1C,00,00,01
Write,1C,01,01,01
Read,1C,0A,88,DD
Write,1C,01,00,CC
Read,1C,7F,C8,E4
Write,1C,01,00,95
Read,1C,12
Write,1C,01,00,CB
Read,1C,3F,D5,E6
Write,1C,01,01,03
Read,1C,00,00,01
Write,1C,01,01,01
Read,1C,05,2C,7D
Write,1C,01,00,CC
Read,1C,7B,A9,AC
Write,1C,0D,02,7F
Read,1C,00,03,8E
Write,1C,0D,02,80
Read,1C,00,06,8F
Write,1C,0D,10,1C,07,F4,02,19,0C,0B,04,D8,00,05,06,6C,00,00,00,00,0F,FA,01,94,00,C1
Write,1C,0D,00,69,00,00,A7
Write,1C,0D,00,6A,00,00,0B
Write,1C,0D,12,9B
Read,1C,08,00
Write,1C,0D,12,9C
Read,1C,08,00
Write,1C,0D,12,9D
Read,1C,08,00
Write,1C,0D,12,9E
Read,1C,08,00
Write,1C,01,00,95
Read,1C,11
Write,1C,01,00,CB
Read,1C,40,27,CE
Write,1C,01,01,03
Read,1C,00,00,01
Write,1C,01,01,01
Read,1C,05,E5,FD
Write,1C,01,00,CC
Read,1C,7C,6F,1F
Write,1C,0D,02,7F
Read,1C,00,03,3D
Write,1C,0D,02,80
Read,1C,00,05,B6
Write,1C,0D,12,9B
Read,1C,08,00
Write,1C,0D,12,9C
Read,1C,08,00
Write,1C,0D,12,9D
Read,1C,08,00
Write,1C,0D,12,9E
Read,1C,08,00
Write,1C,01,00,95
Read,1C,11
Write,1C,01,00,CB
Read,1C,3F,F9,79
Write,1C,01,01,03
Read,1C,00,00,01
Write,1C,01,01,01
Read,1C,0A,09,9E
Write,1C,01,00,CC
Read,1C,7D,B6,74
Write,1C,01,00,95
Read,1C,12
Write,1C,01,00,CB
Read,1C,3E,52,0C
Write,1C,01,01,03
Read,1C,00,00,01
Write,1C,01,01,01
Read,1C,06,6E,15
Write,1C,01,00,CC
Read,1C,7F,54,32
Write,1C,0D,02,7F
Read,1C,00,03,77
Write,1C,0D,02,80
Read,1C,00,05,D4
Write,1C,0D,10,1C,02,5B,05,2D,00,7F
Write,1C,0D,00,69,00,00,B2
Write,1C,0D,00,6A,00,00,03
Write,1C,0D,12,9B
Read,1C,08,00
Write,1C,0D,12,9C
Read,1C,08,00
Write,1C,0D,12,9D
Read,1C,08,00
Write,1C,0D,12,9E
Read,1C,08,00
Write,1C,01,00,95
Read,1C,12
Write,1C,01,00,CB
Read,1C,3E,4E,DF
Write,1C,01,01,03
Read,1C,00,00,01
Write,1C,01,01,01
Read,1C,05,C7,55
Write,1C,01,00,CC
Read,1C,7B,3B,59
Write,1C,0D,02,7F
Read,1C,00,03,D7
Write,1C,0D,02,80
Read,1C,00,05,90
Write,1C,0D,12,9B
Read,1C,08,00
Write,1C,0D,12,9C
Read,1C,08,00
Write,1C,0D,12,9D
Read,1C,08,00
Write,1C,0D,12,9E
Read,1C,08,00
Write,1C,0D,10,1C,07,FC,07,F7,07,6B,0C,07,07,B5,00,03,00,4B,0F,FC
Write,1C,0D,00,69,00,02,B6
Write,1C,0D,00,6A,00,00,08
Write,1C,0D,10,1C,00,A6,0F,89,01,C4,00,00,0E,3C
Write,1C,0D,00,69,00,02,BE
Write,1C,0D,00,6A,00,00,05
Write,1C,0D,12,CB,02,29
Write,1C,0D,12,D1,01,2B
Write,1C,01,00,CB
Read,1C,3E,AF,F1
Write,1C,01,01,03
Read,1C,00,00,01
Write,1C,01,01,01
Read,1C,09,9D,A4
Write,1C,01,00,CC
Read,1C,7C,CB,C8
Write,1C,01,00,95
Read,1C,12
Write,1C,01,00,CB
Read,1C,3E,8B,8B
Write,1C,01,01,03
Read,1C,00,00,01
Write,1C,01,01,01
Read,1C,04,8E,8F
Write,1C,01,00,CC
Read,1C,7E,B9,97
Write,1C,01,00,95
Read,1C,12
Write,1C,01,00,CB
Read,1C,3E,6B,18
Write,1C,01,01,03
Read,1C,00,00,01
Write,1C,01,01,01
Read,1C,08,62,7C
Write,1C,01,00,CC
Read,1C,7D,4C,43
Write,1C,0D,02,7F
Read,1C,00,04,DD
Write,1C,0D,02,80
Read,1C,00,07,6D
Write,1C,0D,12,9B
Read,1C,08,00
Write,1C,0D,12,9C
Read,1C,08,00
Write,1C,0D,12,9D
Read,1C,08,00
Write,1C,0D,12,9E
Read,1C,08,00
Write,1C,0D,10,4F,02,02,02,02
Write,1C,0D,10,53,07,FF
Write,1C,0D,10,6F,01,44
Write,1C,0D,10,70,03,00
Write,1C,0D,10,54,05,B8,05,B8
Write,1C,0D,10,58,04,00
Write,1C,01,00,95
Read,1C,12
Write,1C,01,00,CB
Read,1C,3F,00,B4
Write,1C,01,01,03
Read,1C,00,00,01
Write,1C,01,01,01
Read,1C,06,70,A5
Write,1C,01,00,CC
Read,1C,7F,9D,40
Write,1C,0D,02,7F
Read,1C,00,0B,48
Write,1C,0D,02,80
Read,1C,00,10,72
Write,1C,0D,10,6B,0F,E3,00,08
Write,1C,0D,12,C5,00,00
Write,1C,0D,12,9B
Read,1C,08,00
Write,1C,0D,12,9C
Read,1C,08,00
Write,1C,0D,12,9D
Read,1C,08,00
Write,1C,0D,12,9E
Read,1C,08,00
Write,1C,01,00,95
Read,1C,12
Write,1C,01,00,CB
Read,1C,40,94,20
Write,1C,01,01,03
Read,1C,00,00,01
Write,1C,01,01,01
Read,1C,07,11,AD
Write,1C,01,00,CC
Read,1C,7E,26,21
Write,1C,01,00,95
Read,1C,12
Write,1C,01,00,CB
Read,1C,3E,69,40
Write,1C,01,01,03
Read,1C,00,00,01
Write,1C,01,01,01
Read,1C,06,87,FA
Write,1C,01,00,CC
Read,1C,7F,C0,A3
Write,1C,0D,02,7F
Read,1C,00,07,56
Write,1C,0D,02,80
Read,1C,00,0A,22
Write,1C,0D,10,41,08,00,08,00
Write,1C,0D,12,9B
Read,1C,08,00
Write,1C,0D,12,9C
Read,1C,08,00
Write,1C,0D,12,9D
Read,1C,08,00
Write,1C,0D,12,9E
Read,1C,08,00
Write,1C,01,00,95
Read,1C,12
Write,1C,01,00,CB
Read,1C,3F,06,38
Write,1C,01,01,03
Read,1C,00,00,01
Write,1C,01,01,01
Read,1C,06,A3,52
Write,1C,01,00,CC
Read,1C,7E,CC,B6
Write,1C,0D,02,7F
Read,1C,00,04,19
Write,1C,0D,02,80
Read,1C,00,05,4B
Write,1C,0D,10,3F,08,00,08,00
Write,1C,0D,12,9B
Read,1C,08,00
Write,1C,0D,12,9C
Read,1C,08,00
Write,1C,0D,12,9D
Read,1C,08,00
Write,1C,0D,12,9E
Read,1C,08,00
Write,1C,01,00,CB
Read,1C,3F,76,E2
Write,1C,01,01,03
Read,1C,00,00,01
Write,1C,01,01,01
Read,1C,05,E7,BC
Write,1C,01,00,CC
Read,1C,7C,F2,29
Write,1C,01,00,95
Read,1C,12
Write,1C,01,00,CB
Read,1C,3F,06,FC
Write,1C,01,01,03
Read,1C,00,00,01
Write,1C,01,01,01
Read,1C,04,23,89
Write,1C,01,00,CC
Read,1C,7E,C7,A8
Write,1C,01,00,95
Read,1C,11
Write,1C,01,00,CB
Read,1C,40,18,45
Write,1C,01,01,03
Read,1C,00,00,01
Write,1C,01,01,01
Read,1C,05,5E,19
Write,1C,01,00,CC
Read,1C,7C,7A,DF
Write,1C,0D,02,7F
Read,1C,00,03,A3
Write,1C,0D,02,80
Read,1C,00,05,9E
Write,1C,0D,10,1C,07,F4,02,19,0C,0B,04,D8,00,05,06,6C,00,00,00,00,0F,FA,01,94,00,C1
Write,1C,0D,00,69,00,00,A7
Write,1C,0D,00,6A,00,00,0B
Write,1C,0D,12,9B
Read,1C,08,00
Write,1C,0D,12,9C
Read,1C,08,00
Write,1C,0D,12,9D
Read,1C,08,00
Write,1C,0D,12,9E
Read,1C,08,00
Write,1C,01,00,95
Read,1C,11
Write,1C,01,00,CB
Read,1C,3F,B6,F7
Write,1C,01,01,03
Read,1C,00,00,01
Write,1C,01,01,01
Read,1C,05,0F,2B
Write,1C,01,00,CC
Read,1C,7E,8F,70
Write,1C,0D,02,7F
Read,1C,00,04,46
Write,1C,0D,02,80
Read,1C,00,07,37
Write,1C,0D,12,9B
Read,1C,08,00
Write,1C,0D,12,9C
Read,1C,08,00
Write,1C,0D,12,9D
Read,1C,08,00
Write,1C,0D,12,9E
Read,1C,08,00
Write,1C,01,00,95
Read,1C,11
Write,1C,01,00,CB
Read,1C,40,AD,8F
Write,1C,01,01,03
Read,1C,00,00,01
Write,1C,01,01,01
Read,1C,04,50,57
Write,1C,01,00,CC
Read,1C,7F,C0,D8
Write,1C,01,00,95
Read,1C,11
Write,1C,01,00,CB
Read,1C,3F,83,FB
Write,1C,01,01,03
Read,1C,00,00,01
Write,1C,01,01,01
Read,1C,06,7C,E3
Write,1C,01,00,CC
Read,1C,7D,57,D6
Write,1C,0D,02,7F
Read,1C,00,04,25
Write,1C,0D,02,80
Read,1C,00,06,46
Write,1C,0D,10,1C,02,5B,05,2D,00,7F
Write,1C,0D,00,69,00,00,B2
Write,1C,0D,00,6A,00,00,03
Write,1C,0D,12,9B
Read,1C,08,00
Write,1C,0D,12,9C
Read,1C,08,00
Write,1C,0D,12,9D
Read,1C,08,00
Write,1C,0D,12,9E
Read,1C,08,00
Write,1C,01,00,95
Read,1C,11
Write,1C,01,00,CB
Read,1C,3E,DC,44
Write,1C,01,01,03
Read,1C,00,00,01
Write,1C,01,01,01
Read,1C,05,71,3D
Write,1C,01,00,CC
Read,1C,7D,71,77
Write,1C,0D,02,7F
Read,1C,00,05,20
Write,1C,0D,02,80
Read,1C,00,08,00
Write,1C,0D,12,9B
Read,1C,08,00
Write,1C,0D,12,9C
Read,1C,08,00
Write,1C,0D,12,9D
Read,1C,08,00
Write,1C,0D,12,9E
Read,1C,08,00
Write,1C,0D,10,1C,07,FC,07,F7,07,6B,0C,07,07,B5,00,03,00,4B,0F,FC
Write,1C,0D,00,69,00,02,B6
Write,1C,0D,00,6A,00,00,08
Write,1C,0D,10,1C,00,A6,0F,89,01,C4,00,00,0E,3C
Write,1C,0D,00,69,00,02,BE
Write,1C,0D,00,6A,00,00,05
Write,1C,0D,12,CB,02,29
Write,1C,0D,12,D1,01,2B
Write,1C,01,00,CB
Read,1C,3F,DD,86
Write,1C,01,01,03
Read,1C,00,00,01
Write,1C,01,01,01
Read,1C,06,A9,AB
Write,1C,01,00,CC
Read,1C,7D,2B,F9
Write,1C,01,00,95
Read,1C,12
Write,1C,01,00,CB
Read,1C,3F,6F,C6
Write,1C,01,01,03
Read,1C,00,00,01
Write,1C,01,01,01
Read,1C,04,26,A4
Write,1C,01,00,CC
Read,1C,7F,FF,FF
Write,1C,01,00,95
Read,1C,12
Write,1C,01,00,CB
Read,1C,3E,D0,F3
Write,1C,01,01,03
Read,1C,00,00,01
Write,1C,01,01,01
Read,1C,06,B9,A8
Write,1C,01,00,CC
Read,1C,7E,50,13
Write,1C,0D,02,7F
Read,1C,00,05,01
Write,1C,0D,02,80
Read,1C,00,07,FF
Write,1C,0D,12,9B
Read,1C,08,00
Write,1C,0D,12,9C
Read,1C,08,00
Write,1C,0D,12,9D
Read,1C,08,00
Write,1C,0D,12,9E
Read,1C,08,00
Write,1C,0D,10,4F,02,02,02,02
Write,1C,0D,10,53,07,FF
Write,1C,0D,10,6F,01,44
Write,1C,0D,10,70,03,00
Write,1C,0D,10,54,05,B8,05,B8
Write,1C,0D,10,58,04,00
Write,1C,01,00,95
Read,1C,12
Write,1C,01,00,CB
Read,1C,3F,69,48
Write,1C,01,01,03
Read,1C,00,00,01
Write,1C,01,01,01
Read,1C,0C,49,75
Write,1C,01,00,CC
Read,1C,7A,74,90
Write,1C,0D,02,7F
Read,1C,00,09,64
Write,1C,0D,02,80
Read,1C,00,0E,06
Write,1C,0D,10,6B,0F,E3,00,08
Write,1C,0D,12,C5,00,00
Write,1C,0D,12,9B
Read,1C,08,00
Write,1C,0D,12,9C
Read,1C,08,00
Write,1C,0D,12,9D
Read,1C,08,00
Write,1C,0D,12,9E
Read,1C,08,00
Write,1C,01,00,95
Read,1C,12
Write,1C,01,00,CB
Read,1C,3E,DD,24
Write,1C,01,01,03
Read,1C,00,00,01
Write,1C,01,01,01
Read,1C,06,29,EC
Write,1C,01,00,CC
Read,1C,7F,DE,3E
Write,1C,01,00,95
Read,1C,12
Write,1C,01,00,CB
Read,1C,3E,B8,C0
Write,1C,01,01,03
Read,1C,00,00,01
Write,1C,01,01,01
Read,1C,05,FB,BC
Write,1C,01,00,CC
Read,1C,7D,CF,06
Write,1C,0D,02,7F
Read,1C,00,09,13
Write,1C,0D,02,80
Read,1C,00,0C,8A
Write,1C,0D,10,41,08,00,08,00
Write,1C,0D,12,9B
Read,1C,08,00
Write,1C,0D,12,9C
Read,1C,08,00
Write,1C,0D,12,9D
Read,1C,08,00
Write,1C,0D,12,9E
Read,1C,08,00
Write,1C,01,00,95
Read,1C,12
Write,1C,01,00,CB
Read,1C,3F,0C,08
Write,1C,01,01,03
Read,1C,00,00,01
Write,1C,01,01,01
Read,1C,07,5F,DC
Write,1C,01,00,CC
Read,1C,7C,45,F5
Write,1C,0D,02,7F
Read,1C,00,03,C3
Write,1C,0D,02,80
Read,1C,00,05,31
Write,1C,0D,10,3F,08,00,08,00
Write,1C,0D,12,9B
Read,1C,08,00
Write,1C,0D,12,9C
Read,1C,08,00
Write,1C,0D,12,9D
Read,1C,08,00
Write,1C,0D,12,9E
Read,1C,08,00
Write,1C,01,00,CB
Read,1C,3F,BA,9F
Write,1C,01,01,03
Read,1C,00,00,01
Write,1C,01,01,01
Read,1C,05,90,19
Write,1C,01,00,CC
Read,1C,7F,74,66
Write,1C,01,00,95
Read,1C,12
Write,1C,01,00,CB
Read,1C,3F,BD,C0
Write,1C,01,01,03
Read,1C,00,00,01
Write,1C,01,01,01
Read,1C,06,22,30
Write,1C,01,00,CC
Read,1C,7F,23,78
Write,1C,01,00,95
Read,1C,12
Write,1C,01,00,CB
Read,1C,3F,E3,59
Write,1C,01,01,03
Read,1C,00,00,01
Write,1C,01,01,01
Read,1C,07,6C,09
Write,1C,01,00,CC
Read,1C,7F,FF,FF
Write,1C,0D,02,7F
Read,1C,00,05,54
Write,1C,0D,02,80
Read,1C,00,06,8A
Write,1C,0D,10,1C,07,F4,02,19,0C,0B,04,D8,00,05,06,6C,00,00,00,00,0F,FA,01,94,00,C1
Write,1C,0D,00,69,00,00,A7
Write,1C,0D,00,6A,00,00,0B
Write,1C,0D,12,9B
Read,1C,08,00
Write,1C,0D,12,9C
Read,1C,08,00
Write,1C,0D,12,9D
Read,1C,08,00
Write,1C,0D,12,9E
Read,1C,08,00
Write,1C,01,00,95
Read,1C,12
Write,1C,01,00,CB
Read,1C,3E,CC,70
Write,1C,01,01,03
Read,1C,00,00,01
Write,1C,01,01,01
Read,1C,04,11,F6
Write,1C,01,00,CC
Read,1C,7E,D7,4D
Write,1C,0D,02,7F
Read,1C,00,03,8A
Write,1C,0D,02,80
Read,1C,00,06,0D
Write,1C,0D,12,9B
Read,1C,08,00
Write,1C,0D,12,9C
Read,1C,08,00
Write,1C,0D,12,9D
Read,1C,08,00
Write,1C,0D,12,9E
Read,1C,08,00
Write,1C,01,00,95
Read,1C,12
Write,1C,01,00,CB
Read,1C,3E,BF,AD
Write,1C,01,01,03
Read,1C,00,00,01
Write,1C,01,01,01
Read,1C,07,22,29
Write,1C,01,00,CC
Read,1C,7F,89,C9
Write,1C,01,00,95
Read,1C,12
Write,1C,01,00,CB
Read,1C,3F,0D,F0
Write,1C,01,01,03
Read,1C,00,00,01
Write,1C,01,01,01
Read,1C,06,25,34
Write,1C,01,00,CC
Read,1C,7E,59,6F
Write,1C,0D,02,7F
Read,1C,00,02,E9
Write,1C,0D,02,80
Read,1C,00,04,F2
Write,1C,0D,10,1C,02,5B,05,2D,00,7F
Write,1C,0D,00,69,00,00,B2
Write,1C,0D,00,6A,00,00,03
Write,1C,0D,12,9B
Read,1C,08,00
Write,1C,0D,12,9C
Read,1C,08,00
Write,1C,0D,12,9D
Read,1C,08,00
Write,1C,0D,12,9E
Read,1C,08,00
Write,1C,01,00,95
Read,1C,12
Write,1C,01,00,CB
Read,1C,3E,FE,FD
Write,1C,01,01,03
Read,1C,00,00,01
Write,1C,01,01,01
Read,1C,04,76,4C
Write,1C,01,00,CC
Read,1C,7E,D8,AF
Write,1C,0D,02,7F
Read,1C,00,03,6D
Write,1C,0D,02,80
Read,1C,00,05,E3
Write,1C,0D,12,9B
Read,1C,08,00
Write,1C,0D,12,9C
Read,1C,08,00
Write,1C,0D,12,9D
Read,1C,08,00
Write,1C,0D,12,9E
Read,1C,08,00
Write,1C,0D,10,1C,07,FC,07,F7,07,6B,0C,07,07,B5,00,03,00,4B,0F,FC
Write,1C,0D,00,69,00,02,B6
Write,1C,0D,00,6A,00,00,08
Write,1C,0D,10,1C,00,A6,0F,89,01,C4,00,00,0E,3C
Write,1C,0D,00,69,00,02,BE
Write,1C,0D,00,6A,00,00,05
Write,1C,0D,12,CB,02,29
Write,1C,0D,12,D1,01,2B
Write,1C,01,00,CB
Read,1C,40,09,04
Write,1C,01,01,03
Read,1C,00,00,01
Write,1C,01,01,01
Read,1C,06,71,EA
Write,1C,01,00,CC
Read,1C,7F,1D,16
Write,1C,01,00,95
Read,1C,11
Write,1C,01,00,CB
Read,1C,3F,9D,69
Write,1C,01,01,03
Read,1C,00,00,01
Write,1C,01,01,01
Read,1C,06,D0,5A
Write,1C,01,00,CC
Read,1C,7C,BF,DC
Write,1C,0D,00,4D,00,0D,35,00,09,E8
Write,1C,0D,10,72,0F,FF
Write,1C,0D,00,50,00,0D,35,00,09,E8
Write,1C,0D,10,73,0F,FF
Write,1C,0D,02,69,00,1A,6B,00,1A,6B
Write,1C,0D,12,9B
Read,1C,08,00
Write,1C,0D,12,9C
Read,1C,08,00
Write,1C,0D,12,9D
Read,1C,08,00
Write,1C,0D,12,9D,0F,FF
Write,1C,0D,12,9E
Read,1C,08,00
Write,1C,0D,12,9E,0F,FF
Write,1C,01,00,CB
Read,1C,40,29,FB
Write,1C,01,01,03
Read,1C,00,00,01
Write,1C,01,01,01
Read,1C,05,F5,17
Write,1C,01,00,CC
Read,1C,7E,70,E1
Write,1C,01,00,CB
Read,1C,40,E8,84
Write,1C,01,01,03
Read,1C,00,00,01
Write,1C,01,01,01
Read,1C,06,0B,4A
Write,1C,01,00,CC
Read,1C,7D,ED,45
Write,1C,01,00,95
Read,1C,11
Write,1C,01,00,CB
Read,1C,41,F7,A9
Write,1C,01,01,03
Read,1C,00,00,01
Write,1C,01,01,01
Read,1C,03,AC,F8
Write,1C,01,00,CC
Read,1C,7F,0F,AD
Write,1C,01,00,95
Read,1C,12
Write,1C,01,00,CB
Read,1C,3E,E2,E4
Write,1C,01,01,03
Read,1C,00,00,01
Write,1C,01,01,01
Read,1C,03,08,32
Write,1C,01,00,CC
Read,1C,7F,C4,C1
Write,1C,01,00,95
Read,1C,12
Write,1C,01,00,CB
Read,1C,3E,F9,6F
Write,1C,01,01,03
Read,1C,00,00,01
Write,1C,01,01,01
Read,1C,04,A9,85
Write,1C,01,00,CC
Read,1C,7F,D4,4B
Write,1C,0D,10,93,00,00
Write,1C,0D,10,94,00,00
Write,1C,0D,10,9E,00,80
Write,1C,0D,00,DA,28,7A,26
Write,1C,0D,10,99,00,00,00,00
Write,1C,0D,00,6A,00,00,13
Write,1C,0D,00,D0,00,00,98
Write,1C,0D,00,D1,00,00,9A
Write,1C,0D,10,45,07,21
Write,1C,0D,10,1C,07,F4,02,19,0C,0B,04,D8,00,05,06,6C,00,00,00,00,0F,FA,01,94,00,4A
Write,1C,0D,00,69,00,00,A7
Write,1C,0D,00,6A,00,00,0B
Write,1C,0D,10,1C,03,B1,05,D8,0F,DB
Write,1C,0D,00,69,00,00,B2
Write,1C,0D,00,6A,00,00,03
Write,1C,0D,12,9B
Read,1C,08,00
Write,1C,0D,12,9C
Read,1C,08,00
Write,1C,0D,12,9D
Read,1C,0F,FF
Write,1C,0D,12,9E
Read,1C,0F,FF
Write,1C,0D,10,4F,02,02,02,02
Write,1C,0D,10,53,07,FF
Write,1C,0D,10,6F,01,44
Write,1C,0D,10,70,03,00
Write,1C,0D,10,54,05,B8,05,B8
Write,1C,0D,10,58,04,00
Write,1C,0D,00,4D,00,0D,35,00,09,E8
Write,1C,0D,10,72,08,00
Write,1C,0D,00,50,00,0D,35,00,09,E8
Write,1C,0D,10,73,08,00
Write,1C,0D,02,69,00,1A,6B,00,1A,6B
Write,1C,0D,12,9D,08,00
Write,1C,0D,12,9E,08,00
Write,1C,0D,02,7F
Read,1C,00,00,00
Write,1C,0D,02,80
Read,1C,00,00,00
Write,1C,0D,10,6B,0F,E3,00,08
Write,1C,0D,12,C5,00,00
Write,1C,0D,12,9B
Read,1C,08,00
Write,1C,0D,12,9C
Read,1C,08,00
Write,1C,0D,12,9D
Read,1C,08,00
Write,1C,0D,12,9E
Read,1C,08,00
Write,1C,01,00,95
Read,1C,12
Write,1C,01,00,CB
Read,1C,3E,A7,23
Write,1C,01,01,03
Read,1C,00,00,01
Write,1C,01,01,01
Read,1C,02,F5,1A
Write,1C,01,00,CC
Read,1C,7F,D8,DD
Write,1C,01,00,95
Read,1C,12
Write,1C,01,00,CB
Read,1C,3F,27,AC
Write,1C,01,01,03
Read,1C,00,00,01
Write,1C,01,01,01
Read,1C,03,AA,FF
Write,1C,01,00,CC
Read,1C,7F,38,2A
Write,1C,0D,02,7F
Read,1C,00,00,C1
Write,1C,0D,02,80
Read,1C,00,00,73
Write,1C,0D,10,41,08,00,08,00
Write,1C,0D,12,9B
Read,1C,08,00
Write,1C,0D,12,9C
Read,1C,08,00
Write,1C,0D,12,9D
Read,1C,08,00
Write,1C,0D,12,9E
Read,1C,08,00
Write,1C,01,00,95
Read,1C,12
Write,1C,01,00,CB
Read,1C,3F,1B,DB
Write,1C,01,01,03
Read,1C,00,00,01
Write,1C,01,01,01
Read,1C,04,A2,32
Write,1C,01,00,CC
Read,1C,7F,AA,8A
Write,1C,0D,02,7F
Read,1C,00,01,96
Write,1C,0D,02,80
Read,1C,00,02,20
Write,1C,0D,10,3F,08,00,08,00
Write,1C,0D,12,9B
Read,1C,08,00
Write,1C,0D,12,9C
Read,1C,08,00
Write,1C,0D,12,9D
Read,1C,08,00
Write,1C,0D,12,9E
Read,1C,08,00
Write,1C,01,00,CB
Read,1C,3E,DE,8B
Write,1C,01,01,03
Read,1C,00,00,01
Write,1C,01,01,01
Read,1C,05,39,2F
Write,1C,01,00,CC
Read,1C,7E,B3,EE
Write,1C,01,00,95
Read,1C,12
Write,1C,01,00,CB
Read,1C,3E,AF,98
Write,1C,01,01,03
Read,1C,00,00,01
Write,1C,01,01,01
Read,1C,03,A0,F4
Write,1C,01,00,CC
Read,1C,7E,D0,B5
Write,1C,01,00,95
Read,1C,12
Write,1C,01,00,CB
Read,1C,3F,10,17
Write,1C,01,01,03
Read,1C,00,00,01
Write,1C,01,01,01
Read,1C,02,36,17
Write,1C,01,00,CC
Read,1C,7F,9D,3C
Write,1C,0D,02,7F
Read,1C,00,02,C5
Write,1C,0D,02,80
Read,1C,00,03,F8
Write,1C,0D,10,1C,07,F4,02,19,0C,0B,04,D8,00,05,06,6C,00,00,00,00,0F,FA,01,94,00,4A
Write,1C,0D,00,69,00,00,A7
Write,1C,0D,00,6A,00,00,0B
Write,1C,0D,12,9B
Read,1C,08,00
Write,1C,0D,12,9C
Read,1C,08,00
Write,1C,0D,12,9D
Read,1C,08,00
Write,1C,0D,12,9E
Read,1C,08,00
Write,1C,01,00,95
Read,1C,12
Write,1C,01,00,CB
Read,1C,3F,99,01
Write,1C,01,01,03
Read,1C,00,00,01
Write,1C,01,01,01
Read,1C,05,E7,BC
Write,1C,01,00,CC
Read,1C,7D,6C,7F
Write,1C,0D,02,7F
Read,1C,00,02,C1
Write,1C,0D,02,80
Read,1C,00,03,F5
Write,1C,0D,12,9B
Read,1C,08,00
Write,1C,0D,12,9C
Read,1C,08,00
Write,1C,0D,12,9D
Read,1C,08,00
Write,1C,0D,12,9E
Read,1C,08,00
Write,1C,01,00,95
Read,1C,12
Write,1C,01,00,CB
Read,1C,3F,16,F2
Write,1C,01,01,03
Read,1C,00,00,01
Write,1C,01,01,01
Read,1C,02,9C,32
Write,1C,01,00,CC
Read,1C,7F,FF,FF
Write,1C,01,00,95
Read,1C,12
Write,1C,01,00,CB
Read,1C,3F,CD,FD
Write,1C,01,01,03
Read,1C,00,00,01
Write,1C,01,01,01
Read,1C,06,6A,97
Write,1C,01,00,CC
Read,1C,7E,EA,79
Write,1C,0D,02,7F
Read,1C,00,02,F0
Write,1C,0D,02,80
Read,1C,00,04,0F
Write,1C,0D,10,1C,03,B1,05,D8,0F,DB
Write,1C,0D,00,69,00,00,B2
Write,1C,0D,00,6A,00,00,03
Write,1C,0D,12,9B
Read,1C,08,00
Write,1C,0D,12,9C
Read,1C,08,00
Write,1C,0D,12,9D
Read,1C,08,00
Write,1C,0D,12,9E
Read,1C,08,00
Write,1C,01,00,95
Read,1C,11
Write,1C,01,00,CB
Read,1C,3F,01,06
Write,1C,01,01,03
Read,1C,00,00,01
Write,1C,01,01,01
Read,1C,04,74,47
Write,1C,01,00,CC
Read,1C,7F,ED,2D
Write,1C,0D,02,7F
Read,1C,00,02,52
Write,1C,0D,02,80
Read,1C,00,03,81
Write,1C,0D,12,9B
Read,1C,08,00
Write,1C,0D,12,9C
Read,1C,08,00
Write,1C,0D,12,9D
Read,1C,08,00
Write,1C,0D,12,9E
Read,1C,08,00
Write,1C,0D,10,1C,07,FC,07,F7,07,6B,0C,07,07,B5,00,03,00,4B,0F,FC
Write,1C,0D,00,69,00,02,B6
Write,1C,0D,00,6A,00,00,08
Write,1C,0D,10,1C,00,A6,0F,89,01,C4,00,00,0E,3C
Write,1C,0D,00,69,00,02,BE
Write,1C,0D,00,6A,00,00,05
Write,1C,0D,12,CB,02,29
Write,1C,0D,12,D1,01,2B
Write,1C,01,00,CB
Read,1C,3F,21,5F
Write,1C,01,01,03
Read,1C,00,00,01
Write,1C,01,01,01
Read,1C,04,08,6B
Write,1C,01,00,CC
Read,1C,7F,E2,11
Write,1C,01,00,95
Read,1C,12
Write,1C,01,00,CB
Read,1C,3E,B1,FF
Write,1C,01,01,03
Read,1C,00,00,01
Write,1C,01,01,01
Read,1C,02,26,15
Write,1C,01,00,CC
Read,1C,7F,FA,D0
Write,1C,01,00,95
Read,1C,11
Write,1C,01,00,CB
Read,1C,41,C5,01
Write,1C,01,01,03
Read,1C,00,00,01
Write,1C,01,01,01
Read,1C,04,7B,CF
Write,1C,01,00,CC
Read,1C,78,06,DE
Write,1C,0D,02,7F
Read,1C,00,04,B7
Write,1C,0D,02,80
Read,1C,00,06,C1
Write,1C,0D,12,9B
Read,1C,08,00
Write,1C,0D,12,9C
Read,1C,08,00
Write,1C,0D,12,9D
Read,1C,08,00
Write,1C,0D,12,9E
Read,1C,08,00
Write,1C,0D,10,4F,02,02,02,02
Write,1C,0D,10,53,07,FF
Write,1C,0D,10,6F,01,44
Write,1C,0D,10,70,03,00
Write,1C,0D,10,54,05,B8,05,B8
Write,1C,0D,10,58,04,00
Write,1C,01,00,95
Read,1C,11
Write,1C,01,00,CB
Read,1C,3F,AD,0D
Write,1C,01,01,03
Read,1C,00,00,01
Write,1C,01,01,01
Read,1C,02,D0,93
Write,1C,01,00,CC
Read,1C,7F,FA,FC
Write,1C,0D,02,7F
Read,1C,00,02,43
Write,1C,0D,02,80
Read,1C,00,03,4F
Write,1C,0D,10,6B,0F,E3,00,08
Write,1C,0D,12,C5,00,00
Write,1C,0D,12,9B
Read,1C,08,00
Write,1C,0D,12,9C
Read,1C,08,00
Write,1C,0D,12,9D
Read,1C,08,00
Write,1C,0D,12,9E
Read,1C,08,00
Write,1C,01,00,95
Read,1C,11
Write,1C,01,00,CB
Read,1C,3F,CF,67
Write,1C,01,01,03
Read,1C,00,00,01
Write,1C,01,01,01
Read,1C,03,76,6A
Write,1C,01,00,CC
Read,1C,7E,8F,E3
Write,1C,01,00,95
Read,1C,11
Write,1C,01,00,CB
Read,1C,3F,9E,31
Write,1C,01,01,03
Read,1C,00,00,01
Write,1C,01,01,01
Read,1C,04,3E,DC
Write,1C,01,00,CC
Read,1C,7E,CE,33
Write,1C,0D,02,7F
Read,1C,00,00,DB
Write,1C,0D,02,80
Read,1C,00,01,4D
Write,1C,0D,10,41,08,00,08,00
Write,1C,0D,12,9B
Read,1C,08,00
Write,1C,0D,12,9C
Read,1C,08,00
Write,1C,0D,12,9D
Read,1C,08,00
Write,1C,0D,12,9E
Read,1C,08,00
Write,1C,01,00,95
Read,1C,12
Write,1C,01,00,CB
Read,1C,3E,C9,70
Write,1C,01,01,03
Read,1C,00,00,01
Write,1C,01,01,01
Read,1C,03,16,BA
Write,1C,01,00,CC
Read,1C,7F,FF,FF
Write,1C,0D,02,7F
Read,1C,00,00,48
Write,1C,0D,02,80
Read,1C,00,00,85
Write,1C,0D,10,3F,08,00,08,00
Write,1C,0D,12,9B
Read,1C,08,00
Write,1C,0D,12,9C
Read,1C,08,00
Write,1C,0D,12,9D
Read,1C,08,00
Write,1C,0D,12,9E
Read,1C,08,00
Write,1C,01,00,CB
Read,1C,3E,1B,02
Write,1C,01,01,03
Read,1C,00,00,01
Write,1C,01,01,01
Read,1C,03,80,24
Write,1C,01,00,CC
Read,1C,7E,75,4F
Write,1C,01,00,95
Read,1C,13
Write,1C,01,00,CB
Read,1C,3E,20,2B
Write,1C,01,01,03
Read,1C,00,00,01
Write,1C,01,01,01
Read,1C,01,E6,BB
Write,1C,01,00,CC
Read,1C,7F,FF,FF
Write,1C,01,00,95
Read,1C,13
Write,1C,01,00,CB
Read,1C,3E,1A,00
Write,1C,01,01,03
Read,1C,00,00,01
Write,1C,01,01,01
Read,1C,04,CC,53
Write,1C,01,00,CC
Read,1C,7F,96,BA
Write,1C,0D,02,7F
Read,1C,00,00,40
Write,1C,0D,02,80
Read,1C,00,00,7F
Write,1C,0D,10,1C,07,F4,02,19,0C,0B,04,D8,00,05,06,6C,00,00,00,00,0F,FA,01,94,00,4A
Write,1C,0D,00,69,00,00,A7
Write,1C,0D,00,6A,00,00,0B
Write,1C,0D,12,9B
Read,1C,08,00
Write,1C,0D,12,9C
Read,1C,08,00
Write,1C,0D,12,9D
Read,1C,08,00
Write,1C,0D,12,9E
Read,1C,08,00
Write,1C,01,00,95
Read,1C,13
Write,1C,01,00,CB
Read,1C,3E,E8,E7
Write,1C,01,01,03
Read,1C,00,00,01
Write,1C,01,01,01
Read,1C,04,3A,DE
Write,1C,01,00,CC
Read,1C,7D,32,6D
Write,1C,0D,02,7F
Read,1C,00,02,56
Write,1C,0D,02,80
Read,1C,00,03,2C
Write,1C,0D,12,9B
Read,1C,08,00
Write,1C,0D,12,9C
Read,1C,08,00
Write,1C,0D,12,9D
Read,1C,08,00
Write,1C,0D,12,9E
Read,1C,08,00
Write,1C,01,00,95
Read,1C,12
Write,1C,01,00,CB
Read,1C,3F,0D,BD
Write,1C,01,01,03
Read,1C,00,00,01
Write,1C,01,01,01
Read,1C,06,A5,85
Write,1C,01,00,CC
Read,1C,7F,FF,FF
Write,1C,01,00,95
Read,1C,12
Write,1C,01,00,CB
Read,1C,3F,15,2A
Write,1C,01,01,03
Read,1C,00,00,01
Write,1C,01,01,01
Read,1C,05,AF,7A
Write,1C,01,00,CC
Read,1C,7F,CF,EA
Write,1C,0D,02,7F
Read,1C,00,02,6E
Write,1C,0D,02,80
Read,1C,00,03,69
Write,1C,0D,10,1C,03,B1,05,D8,0F,DB
Write,1C,0D,00,69,00,00,B2
Write,1C,0D,00,6A,00,00,03
Write,1C,0D,12,9B
Read,1C,08,00
Write,1C,0D,12,9C
Read,1C,08,00
Write,1C,0D,12,9D
Read,1C,08,00
Write,1C,0D,12,9E
Read,1C,08,00
Write,1C,01,00,95
Read,1C,12
Write,1C,01,00,CB
Read,1C,3E,ED,B7
Write,1C,01,01,03
Read,1C,00,00,01
Write,1C,01,01,01
Read,1C,03,04,40
Write,1C,01,00,CC
Read,1C,7F,2B,03
Write,1C,0D,02,7F
Read,1C,00,01,F4
Write,1C,0D,02,80
Read,1C,00,02,8F
Write,1C,0D,12,9B
Read,1C,08,00
Write,1C,0D,12,9C
Read,1C,08,00
Write,1C,0D,12,9D
Read,1C,08,00
Write,1C,0D,12,9E
Read,1C,08,00
Write,1C,0D,10,1C,07,FC,07,F7,07,6B,0C,07,07,B5,00,03,00,4B,0F,FC
Write,1C,0D,00,69,00,02,B6
Write,1C,0D,00,6A,00,00,08
Write,1C,0D,10,1C,00,A6,0F,89,01,C4,00,00,0E,3C
Write,1C,0D,00,69,00,02,BE
Write,1C,0D,00,6A,00,00,05
Write,1C,0D,12,CB,02,29
Write,1C,0D,12,D1,01,2B
Write,1C,01,00,CB
Read,1C,3F,B5,F7
Write,1C,01,01,03
Read,1C,00,00,01
Write,1C,01,01,01
Read,1C,03,CD,93
Write,1C,01,00,CC
Read,1C,7F,38,83
Write,1C,01,00,95
Read,1C,12
Write,1C,01,00,CB
Read,1C,40,0C,FC
Write,1C,01,01,03
Read,1C,00,00,01
Write,1C,01,01,01
Read,1C,02,26,C9
Write,1C,01,00,CC
Read,1C,7D,E5,E2
Write,1C,01,00,95
Read,1C,11
Write,1C,01,00,CB
Read,1C,3F,35,56
Write,1C,01,01,03
Read,1C,00,00,01
Write,1C,01,01,01
Read,1C,03,EE,86
Write,1C,01,00,CC
Read,1C,7F,FF,FF
Write,1C,0D,02,7F
Read,1C,00,02,AD
Write,1C,0D,02,80
Read,1C,00,03,B9
Write,1C,0D,12,9B
Read,1C,08,00
Write,1C,0D,12,9C
Read,1C,08,00
Write,1C,0D,12,9D
Read,1C,08,00
Write,1C,0D,12,9E
Read,1C,08,00
Write,1C,0D,10,4F,02,02,02,02
Write,1C,0D,10,53,07,FF
Write,1C,0D,10,6F,01,44
Write,1C,0D,10,70,03,00
Write,1C,0D,10,54,05,B8,05,B8
Write,1C,0D,10,58,04,00
Write,1C,01,00,95
Read,1C,11
Write,1C,01,00,CB
Read,1C,3F,A5,AE
Write,1C,01,01,03
Read,1C,00,00,01
Write,1C,01,01,01
Read,1C,04,4C,F0
Write,1C,01,00,CC
Read,1C,7F,FF,FF
Write,1C,0D,02,7F
Read,1C,00,02,57
Write,1C,0D,02,80
Read,1C,00,03,23
Write,1C,0D,10,6B,0F,E3,00,08
Write,1C,0D,12,C5,00,00
Write,1C,0D,12,9B
Read,1C,08,00
Write,1C,0D,12,9C
Read,1C,08,00
Write,1C,0D,12,9D
Read,1C,08,00
Write,1C,0D,12,9E
Read,1C,08,00
Write,1C,01,00,95
Read,1C,11
Write,1C,01,00,CB
Read,1C,3F,7C,13
Write,1C,01,01,03
Read,1C,00,00,01
Write,1C,01,01,01
Read,1C,03,B1,07
Write,1C,01,00,CC
Read,1C,7D,DB,23
Write,1C,01,00,95
Read,1C,11
Write,1C,01,00,CB
Read,1C,41,2B,46
Write,1C,01,01,03
Read,1C,00,00,01
Write,1C,01,01,01
Read,1C,05,11,30
Write,1C,01,00,CC
Read,1C,7F,7A,93
Write,1C,0D,02,7F
Read,1C,00,04,7B
Write,1C,0D,02,80
Read,1C,00,06,E4
Write,1C,0D,10,41,08,00,08,00
Write,1C,0D,12,9B
Read,1C,08,00
Write,1C,0D,12,9C
Read,1C,08,00
Write,1C,0D,12,9D
Read,1C,08,00
Write,1C,0D,12,9E
Read,1C,08,00
Write,1C,01,00,95
Read,1C,12
Write,1C,01,00,CB
Read,1C,3F,11,F2
Write,1C,01,01,03
Read,1C,00,00,01
Write,1C,01,01,01
Read,1C,04,E5,6D
Write,1C,01,00,CC
Read,1C,7F,8F,B8
Write,1C,0D,02,7F
Read,1C,00,01,A0
Write,1C,0D,02,80
Read,1C,00,02,17
Write,1C,0D,10,3F,08,00,08,00
Write,1C,0D,12,9B
Read,1C,08,00
Write,1C,0D,12,9C
Read,1C,08,00
Write,1C,0D,12,9D
Read,1C,08,00
Write,1C,0D,12,9E
Read,1C,08,00
Write,1C,01,00,CB
Read,1C,3F,55,76
Write,1C,01,01,03
Read,1C,00,00,01
Write,1C,01,01,01
Read,1C,04,11,03
Write,1C,01,00,CC
Read,1C,7E,ED,08
Write,1C,01,00,95
Read,1C,12
Write,1C,01,00,CB
Read,1C,3E,BB,DF
Write,1C,01,01,03
Read,1C,00,00,01
Write,1C,01,01,01
Read,1C,03,BD,6E
Write,1C,01,00,CC
Read,1C,7F,78,61
Write,1C,01,00,95
Read,1C,12
Write,1C,01,00,CB
Read,1C,3E,F8,81
Write,1C,01,01,03
Read,1C,00,00,01
Write,1C,01,01,01
Read,1C,01,B8,79
Write,1C,01,00,CC
Read,1C,7E,C0,2A
Write,1C,0D,02,7F
Read,1C,00,01,7B
Write,1C,0D,02,80
Read,1C,00,02,49
Write,1C,0D,10,1C,07,F4,02,19,0C,0B,04,D8,00,05,06,6C,00,00,00,00,0F,FA,01,94,00,4A
Write,1C,0D,00,69,00,00,A7
Write,1C,0D,00,6A,00,00,0B
Write,1C,0D,12,9B
Read,1C,08,00
Write,1C,0D,12,9C
Read,1C,08,00
Write,1C,0D,12,9D
Read,1C,08,00
Write,1C,0D,12,9E
Read,1C,08,00
Write,1C,01,00,95
Read,1C,12
Write,1C,01,00,CB
Read,1C,3F,12,15
Write,1C,01,01,03
Read,1C,00,00,01
Write,1C,01,01,01
Read,1C,04,F8,62
Write,1C,01,00,CC
Read,1C,7F,FF,FF
Write,1C,0D,02,7F
Read,1C,00,01,F3
Write,1C,0D,02,80
Read,1C,00,02,98
Write,1C,0D,12,9B
Read,1C,08,00
Write,1C,0D,12,9C
Read,1C,08,00
Write,1C,0D,12,9D
Read,1C,08,00
Write,1C,0D,12,9E
Read,1C,08,00
Write,1C,01,00,95
Read,1C,12
Write,1C,01,00,CB
Read,1C,40,35,19
Write,1C,01,01,03
Read,1C,00,00,01
Write,1C,01,01,01
Read,1C,06,E9,BA
Write,1C,01,00,CC
Read,1C,7E,1B,05
Write,1C,01,00,95
Read,1C,12
Write,1C,01,00,CB
Read,1C,3E,C4,1A
Write,1C,01,01,03
Read,1C,00,00,01
Write,1C,01,01,01
Read,1C,04,7D,19
Write,1C,01,00,CC
Read,1C,7E,F7,C7
Write,1C,0D,02,7F
Read,1C,00,02,4B
Write,1C,0D,02,80
Read,1C,00,02,F1
Write,1C,0D,10,1C,03,B1,05,D8,0F,DB
Write,1C,0D,00,69,00,00,B2
Write,1C,0D,00,6A,00,00,03
Write,1C,0D,12,9B
Read,1C,08,00
Write,1C,0D,12,9C
Read,1C,08,00
Write,1C,0D,12,9D
Read,1C,08,00
Write,1C,0D,12,9E
Read,1C,08,00
Write,1C,01,00,95
Read,1C,12
Write,1C,01,00,CB
Read,1C,3E,D0,6C
Write,1C,01,01,03
Read,1C,00,00,01
Write,1C,01,01,01
Read,1C,03,F7,0C
Write,1C,01,00,CC
Read,1C,7F,6A,EA
Write,1C,0D,02,7F
Read,1C,00,01,B8
Write,1C,0D,02,80
Read,1C,00,02,7E
Write,1C,0D,12,9B
Read,1C,08,00
Write,1C,0D,12,9C
Read,1C,08,00
Write,1C,0D,12,9D
Read,1C,08,00
Write,1C,0D,12,9E
Read,1C,08,00
Write,1C,0D,10,1C,07,FC,07,F7,07,6B,0C,07,07,B5,00,03,00,4B,0F,FC
Write,1C,0D,00,69,00,02,B6
Write,1C,0D,00,6A,00,00,08
Write,1C,0D,10,1C,00,A6,0F,89,01,C4,00,00,0E,3C
Write,1C,0D,00,69,00,02,BE
Write,1C,0D,00,6A,00,00,05
Write,1C,0D,12,CB,02,29
Write,1C,0D,12,D1,01,2B
Write,1C,01,00,CB
Read,1C,3E,BD,BF
Write,1C,01,01,03
Read,1C,00,00,01
Write,1C,01,01,01
Read,1C,02,78,41
Write,1C,01,00,CC
Read,1C,7E,E2,95
Write,1C,01,00,95
Read,1C,12
Write,1C,01,00,CB
Read,1C,3E,99,27
Write,1C,01,01,03
Read,1C,00,00,01
Write,1C,01,01,01
Read,1C,03,6B,D9
Write,1C,01,00,CC
Read,1C,7E,E8,84
Write,1C,01,00,95
Read,1C,12
Write,1C,01,00,CB
Read,1C,3E,CC,B5
Write,1C,01,01,03
Read,1C,00,00,01
Write,1C,01,01,01
Read,1C,02,03,7B
Write,1C,01,00,CC
Read,1C,7F,D2,02
Write,1C,0D,02,7F
Read,1C,00,02,0F
Write,1C,0D,02,80
Read,1C,00,02,C3
Write,1C,0D,12,9B
Read,1C,08,00
Write,1C,0D,12,9C
Read,1C,08,00
Write,1C,0D,12,9D
Read,1C,08,00
Write,1C,0D,12,9E
Read,1C,08,00
Write,1C,0D,10,4F,02,02,02,02
Write,1C,0D,10,53,07,FF
Write,1C,0D,10,6F,01,44
Write,1C,0D,10,70,03,00
Write,1C,0D,10,54,05,B8,05,B8
Write,1C,0D,10,58,04,00
Write,1C,01,00,95
Read,1C,12
Write,1C,01,00,CB
Read,1C,41,74,39
Write,1C,01,01,03
Read,1C,00,00,01
Write,1C,01,01,01
Read,1C,05,FB,59
Write,1C,01,00,CC
Read,1C,7D,4F,10
Write,1C,0D,02,7F
Read,1C,00,02,79
Write,1C,0D,02,80
Read,1C,00,03,C7
Write,1C,0D,10,6B,0F,E3,00,08
Write,1C,0D,12,C5,00,00
Write,1C,0D,12,9B
Read,1C,08,00
Write,1C,0D,12,9C
Read,1C,08,00
Write,1C,0D,12,9D
Read,1C,08,00
Write,1C,0D,12,9E
Read,1C,08,00
Write,1C,01,00,95
Read,1C,11
Write,1C,01,00,CB
Read,1C,3F,01,93
Write,1C,01,01,03
Read,1C,00,00,01
Write,1C,01,01,01
Read,1C,02,BE,40
Write,1C,01,00,CC
Read,1C,7E,98,01
Write,1C,01,00,95
Read,1C,12
Write,1C,01,00,CB
Read,1C,3E,A5,69
Write,1C,01,01,03
Read,1C,00,00,01
Write,1C,01,01,01
Read,1C,04,0E,E7
Write,1C,01,00,CC
Read,1C,7F,70,97
Write,1C,0D,02,7F
Read,1C,00,01,CF
Write,1C,0D,02,80
Read,1C,00,02,66
Write,1C,0D,10,41,08,00,08,00
Write,1C,0D,12,9B
Read,1C,08,00
Write,1C,0D,12,9C
Read,1C,08,00
Write,1C,0D,12,9D
Read,1C,08,00
Write,1C,0D,12,9E
Read,1C,08,00
Write,1C,01,00,95
Read,1C,12
Write,1C,01,00,CB
Read,1C,3E,70,37
Write,1C,01,01,03
Read,1C,00,00,01
Write,1C,01,01,01
Read,1C,05,5B,55
Write,1C,01,00,CC
Read,1C,7F,8C,23
Write,1C,0D,02,7F
Read,1C,00,04,09
Write,1C,0D,02,80
Read,1C,00,05,FC
Write,1C,0D,10,3F,08,00,08,00
Write,1C,0D,12,9B
Read,1C,08,00
Write,1C,0D,12,9C
Read,1C,08,00
Write,1C,0D,12,9D
Read,1C,08,00
Write,1C,0D,12,9E
Read,1C,08,00
Write,1C,01,00,CB
Read,1C,40,12,41
Write,1C,01,01,03
Read,1C,00,00,01
Write,1C,01,01,01
Read,1C,02,FF,1A
Write,1C,01,00,CC
Read,1C,7F,BC,96
Write,1C,01,00,95
Read,1C,12
Write,1C,01,00,CB
Read,1C,3F,BA,C2
Write,1C,01,01,03
Read,1C,00,00,01
Write,1C,01,01,01
Read,1C,06,1C,45
Write,1C,01,00,CC
Read,1C,7D,C3,80
Write,1C,01,00,95
Read,1C,11
Write,1C,01,00,CB
Read,1C,40,7E,2A
Write,1C,01,01,03
Read,1C,00,00,01
Write,1C,01,01,01
Read,1C,04,CC,5F
Write,1C,01,00,CC
Read,1C,7F,FF,FF
Write,1C,0D,02,7F
Read,1C,00,03,BE
Write,1C,0D,02,80
Read,1C,00,05,5B
Write,1C,0D,10,1C,07,F4,02,19,0C,0B,04,D8,00,05,06,6C,00,00,00,00,0F,FA,01,94,00,4A
Write,1C,0D,00,69,00,00,A7
Write,1C,0D,00,6A,00,00,0B
Write,1C,0D,12,9B
Read,1C,08,00
Write,1C,0D,12,9C
Read,1C,08,00
Write,1C,0D,12,9D
Read,1C,08,00
Write,1C,0D,12,9E
Read,1C,08,00
Write,1C,01,00,95
Read,1C,12
Write,1C,01,00,CB
Read,1C,3E,47,78
Write,1C,01,01,03
Read,1C,00,00,01
Write,1C,01,01,01
Read,1C,04,38,88
Write,1C,01,00,CC
Read,1C,7F,97,D6
Write,1C,0D,02,7F
Read,1C,00,00,FE
Write,1C,0D,02,80
Read,1C,00,01,4B
Write,1C,0D,12,9B
Read,1C,08,00
Write,1C,0D,12,9C
Read,1C,08,00
Write,1C,0D,12,9D
Read,1C,08,00
Write,1C,0D,12,9E
Read,1C,08,00
Write,1C,01,00,95
Read,1C,12
Write,1C,01,00,CB
Read,1C,3E,68,67
Write,1C,01,01,03
Read,1C,00,00,01
Write,1C,01,01,01
Read,1C,02,8B,CD
Write,1C,01,00,CC
Read,1C,7E,40,2C
Write,1C,01,00,95
Read,1C,12
Write,1C,01,00,CB
Read,1C,3F,72,6D
Write,1C,01,01,03
Read,1C,00,00,01
Write,1C,01,01,01
Read,1C,05,89,CB
Write,1C,01,00,CC
Read,1C,7E,7A,77
Write,1C,0D,02,7F
Read,1C,00,00,3E
Write,1C,0D,02,80
Read,1C,00,00,E5
Write,1C,0D,10,1C,03,B1,05,D8,0F,DB
Write,1C,0D,00,69,00,00,B2
Write,1C,0D,00,6A,00,00,03
Write,1C,0D,12,9B
Read,1C,08,00
Write,1C,0D,12,9C
Read,1C,08,00
Write,1C,0D,12,9D
Read,1C,08,00
Write,1C,0D,12,9E
Read,1C,08,00
Write,1C,01,00,95
Read,1C,12
Write,1C,01,00,CB
Read,1C,3F,85,B3
Write,1C,01,01,03
Read,1C,00,00,01
Write,1C,01,01,01
Read,1C,04,D9,17
Write,1C,01,00,CC
Read,1C,7D,31,40
Write,1C,0D,02,7F
Read,1C,00,00,49
Write,1C,0D,02,80
Read,1C,00,00,EF
Write,1C,0D,12,9B
Read,1C,08,00
Write,1C,0D,12,9C
Read,1C,08,00
Write,1C,0D,12,9D
Read,1C,08,00
Write,1C,0D,12,9E
Read,1C,08,00
Write,1C,0D,10,1C,07,FC,07,F7,07,6B,0C,07,07,B5,00,03,00,4B,0F,FC
Write,1C,0D,00,69,00,02,B6
Write,1C,0D,00,6A,00,00,08
Write,1C,0D,10,1C,00,A6,0F,89,01,C4,00,00,0E,3C
Write,1C,0D,00,69,00,02,BE
Write,1C,0D,00,6A,00,00,05
Write,1C,0D,12,CB,02,29
Write,1C,0D,12,D1,01,2B
Write,1C,01,00,CB
Read,1C,3F,4C,DA
Write,1C,01,01,03
Read,1C,00,00,01
Write,1C,01,01,01
Read,1C,05,FC,F5
Write,1C,01,00,CC
Read,1C,7D,DA,7F
Write,1C,01,00,95
Read,1C,12
Write,1C,01,00,CB
Read,1C,3F,8C,E1
Write,1C,01,01,03
Read,1C,00,00,01
Write,1C,01,01,01
Read,1C,05,42,0D
Write,1C,01,00,CC
Read,1C,7E,CA,64
Write,1C,01,00,95
Read,1C,11
Write,1C,01,00,CB
Read,1C,3F,CC,D8
Write,1C,01,01,03
Read,1C,00,00,01
Write,1C,01,01,01
Read,1C,02,01,C8
Write,1C,01,00,CC
Read,1C,7F,FF,FF
Write,1C,0D,02,7F
Read,1C,00,02,24
Write,1C,0D,02,80
Read,1C,00,02,FF
Write,1C,0D,12,9B
Read,1C,08,00
Write,1C,0D,12,9C
Read,1C,08,00
Write,1C,0D,12,9D
Read,1C,08,00
Write,1C,0D,12,9E
Read,1C,08,00
Write,1C,0D,10,4F,02,02,02,02
Write,1C,0D,10,53,07,FF
Write,1C,0D,10,6F,01,44
Write,1C,0D,10,70,03,00
Write,1C,0D,10,54,05,B8,05,B8
Write,1C,0D,10,58,04,00
Write,1C,01,00,95
Read,1C,11
Write,1C,01,00,CB
Read,1C,3F,C4,2E
Write,1C,01,01,03
Read,1C,00,00,01
Write,1C,01,01,01
Read,1C,03,A1,5C
Write,1C,01,00,CC
Read,1C,7E,51,ED
Write,1C,0D,02,7F
Read,1C,00,02,86
Write,1C,0D,02,80
Read,1C,00,03,5D
Write,1C,0D,10,6B,0F,E3,00,08
Write,1C,0D,12,C5,00,00
Write,1C,0D,12,9B
Read,1C,08,00
Write,1C,0D,12,9C
Read,1C,08,00
Write,1C,0D,12,9D
Read,1C,08,00
Write,1C,0D,12,9E
Read,1C,08,00
Write,1C,01,00,95
Read,1C,11
Write,1C,01,00,CB
Read,1C,40,1A,26
Write,1C,01,01,03
Read,1C,00,00,01
Write,1C,01,01,01
Read,1C,03,72,21
Write,1C,01,00,CC
Read,1C,7F,FF,FF
Write,1C,01,00,95
Read,1C,12
Write,1C,01,00,CB
Read,1C,3F,0A,D8
Write,1C,01,01,03
Read,1C,00,00,01
Write,1C,01,01,01
Read,1C,04,3C,80
Write,1C,01,00,CC
Read,1C,7F,FF,FF
Write,1C,0D,02,7F
Read,1C,00,02,2E
Write,1C,0D,02,80
Read,1C,00,02,CD
Write,1C,0D,10,41,08,00,08,00
Write,1C,0D,12,9B
Read,1C,08,00
Write,1C,0D,12,9C
Read,1C,08,00
Write,1C,0D,12,9D
Read,1C,08,00
Write,1C,0D,12,9E
Read,1C,08,00
Write,1C,01,00,95
Read,1C,12
Write,1C,01,00,CB
Read,1C,3F,43,8C
Write,1C,01,01,03
Read,1C,00,00,01
Write,1C,01,01,01
Read,1C,04,6D,91
Write,1C,01,00,CC
Read,1C,7F,E6,F7
Write,1C,0D,02,7F
Read,1C,00,02,2C
Write,1C,0D,02,80
Read,1C,00,02,BE
Write,1C,0D,10,3F,08,00,08,00
Write,1C,0D,12,9B
Read,1C,08,00
Write,1C,0D,12,9C
Read,1C,08,00
Write,1C,0D,12,9D
Read,1C,08,00
Write,1C,0D,12,9E
Read,1C,08,00
Write,1C,01,00,CB
Read,1C,3F,7D,C5
Write,1C,01,01,03
Read,1C,00,00,01
Write,1C,01,01,01
Read,1C,03,BF,CA
Write,1C,01,00,CC
Read,1C,7E,7B,B2
Write,1C,01,00,95
Read,1C,11
Write,1C,01,00,CB
Read,1C,3E,E1,70
Write,1C,01,01,03
Read,1C,00,00,01
Write,1C,01,01,01
Read,1C,02,E6,57
Write,1C,01,00,CC
Read,1C,7F,61,78
Write,1C,01,00,95
Read,1C,11
Write,1C,01,00,CB
Read,1C,3F,13,6C
Write,1C,01,01,03
Read,1C,00,00,01
Write,1C,01,01,01
Read,1C,04,1E,F4
Write,1C,01,00,CC
Read,1C,7F,FF,FF
Write,1C,0D,02,7F
Read,1C,00,02,05
Write,1C,0D,02,80
Read,1C,00,02,C0
Write,1C,0D,10,1C,07,F4,02,19,0C,0B,04,D8,00,05,06,6C,00,00,00,00,0F,FA,01,94,00,4A
Write,1C,0D,00,69,00,00,A7
Write,1C,0D,00,6A,00,00,0B
Write,1C,0D,12,9B
Read,1C,08,00
Write,1C,0D,12,9C
Read,1C,08,00
Write,1C,0D,12,9D
Read,1C,08,00
Write,1C,0D,12,9E
Read,1C,08,00
Write,1C,01,00,95
Read,1C,12
Write,1C,01,00,CB
Read,1C,40,25,34
Write,1C,01,01,03
Read,1C,00,00,01
Write,1C,01,01,01
Read,1C,03,B4,3A
Write,1C,01,00,CC
Read,1C,7D,1F,0C
Write,1C,0D,02,7F
Read,1C,00,05,BA
Write,1C,0D,02,80
Read,1C,00,08,FB
Write,1C,0D,12,9B
Read,1C,08,00
Write,1C,0D,12,9C
Read,1C,08,00
Write,1C,0D,12,9D
Read,1C,08,00
Write,1C,0D,12,9E
Read,1C,08,00
Write,1C,01,00,95
Read,1C,11
Write,1C,01,00,CB
Read,1C,40,92,BF
Write,1C,01,01,03
Read,1C,00,00,01
Write,1C,01,01,01
Read,1C,07,8D,18
Write,1C,01,00,CC
Read,1C,7F,FC,06
Write,1C,01,00,95
Read,1C,11
Write,1C,01,00,CB
Read,1C,3F,50,F4
Write,1C,01,01,03
Read,1C,00,00,01
Write,1C,01,01,01
Read,1C,06,B5,3C
Write,1C,01,00,CC
Read,1C,7E,67,FC
Write,1C,0D,02,7F
Read,1C,00,02,A4
Write,1C,0D,02,80
Read,1C,00,03,42
Write,1C,0D,10,1C,03,B1,05,D8,0F,DB
Write,1C,0D,00,69,00,00,B2
Write,1C,0D,00,6A,00,00,03
Write,1C,0D,12,9B
Read,1C,08,00
Write,1C,0D,12,9C
Read,1C,08,00
Write,1C,0D,12,9D
Read,1C,08,00
Write,1C,0D,12,9E
Read,1C,08,00
Write,1C,01,00,95
Read,1C,12
Write,1C,01,00,CB
Read,1C,3E,EA,96
Write,1C,01,01,03
Read,1C,00,00,01
Write,1C,01,01,01
Read,1C,04,39,0E
Write,1C,01,00,CC
Read,1C,7F,FF,FF
Write,1C,0D,02,7F
Read,1C,00,01,60
Write,1C,0D,02,80
Read,1C,00,01,F6
Write,1C,0D,12,9B
Read,1C,08,00
Write,1C,0D,12,9C
Read,1C,08,00
Write,1C,0D,12,9D
Read,1C,08,00
Write,1C,0D,12,9E
Read,1C,08,00
Write,1C,0D,10,1C,07,FC,07,F7,07,6B,0C,07,07,B5,00,03,00,4B,0F,FC
Write,1C,0D,00,69,00,02,B6
Write,1C,0D,00,6A,00,00,08
Write,1C,0D,10,1C,00,A6,0F,89,01,C4,00,00,0E,3C
Write,1C,0D,00,69,00,02,BE
Write,1C,0D,00,6A,00,00,05
Write,1C,0D,12,CB,02,29
Write,1C,0D,12,D1,01,2B
Write,1C,01,00,CB
Read,1C,3E,BC,A5
Write,1C,01,01,03
Read,1C,00,00,01
Write,1C,01,01,01
Read,1C,02,0F,29
Write,1C,01,00,CC
Read,1C,7F,FF,FF
Write,1C,01,00,95
Read,1C,12
Write,1C,01,00,CB
Read,1C,3E,89,7D
Write,1C,01,01,03
Read,1C,00,00,01
Write,1C,01,01,01
Read,1C,04,7E,4D
Write,1C,01,00,CC
Read,1C,7F,C0,39
Write,1C,01,00,95
Read,1C,12
Write,1C,01,00,CB
Read,1C,3E,6D,96
Write,1C,01,01,03
Read,1C,00,00,01
Write,1C,01,01,01
Read,1C,02,B2,FC
Write,1C,01,00,CC
Read,1C,7F,FF,FF
Write,1C,0D,02,7F
Read,1C,00,01,83
Write,1C,0D,02,80
Read,1C,00,02,0E
Write,1C,0D,12,9B
Read,1C,08,00
Write,1C,0D,12,9C
Read,1C,08,00
Write,1C,0D,12,9D
Read,1C,08,00
Write,1C,0D,12,9E
Read,1C,08,00
Write,1C,0D,10,4F,02,02,02,02
Write,1C,0D,10,53,07,FF
Write,1C,0D,10,6F,01,44
Write,1C,0D,10,70,03,00
Write,1C,0D,10,54,05,B8,05,B8
Write,1C,0D,10,58,04,00
Write,1C,01,00,95
Read,1C,12
Write,1C,01,00,CB
Read,1C,3E,2F,C8
Write,1C,01,01,03
Read,1C,00,00,01
Write,1C,01,01,01
Read,1C,02,D9,8D
Write,1C,01,00,CC
Read,1C,7F,FF,FF
Write,1C,0D,02,7F
Read,1C,00,01,F0
Write,1C,0D,02,80
Read,1C,00,02,86
Write,1C,0D,10,6B,0F,E3,00,08
Write,1C,0D,12,C5,00,00
Write,1C,0D,12,9B
Read,1C,08,00
Write,1C,0D,12,9C
Read,1C,08,00
Write,1C,0D,12,9D
Read,1C,08,00
Write,1C,0D,12,9E
Read,1C,08,00
Write,1C,01,00,95
Read,1C,12
Write,1C,01,00,CB
Read,1C,3E,C0,50
Write,1C,01,01,03
Read,1C,00,00,01
Write,1C,01,01,01
Read,1C,05,07,F5
Write,1C,01,00,CC
Read,1C,7F,1D,77
Write,1C,01,00,95
Read,1C,12
Write,1C,01,00,CB
Read,1C,3F,71,59
Write,1C,01,01,03
Read,1C,00,00,01
Write,1C,01,01,01
Read,1C,05,E6,54
Write,1C,01,00,CC
Read,1C,7F,CC,17
Write,1C,0D,02,7F
Read,1C,00,02,FB
Write,1C,0D,02,80
Read,1C,00,04,57
Write,1C,0D,10,41,08,00,08,00
Write,1C,0D,12,9B
Read,1C,08,00
Write,1C,0D,12,9C
Read,1C,08,00
Write,1C,0D,12,9D
Read,1C,08,00
Write,1C,0D,12,9E
Read,1C,08,00
Write,1C,01,00,95
Read,1C,12
Write,1C,01,00,CB
Read,1C,3F,6D,F5
Write,1C,01,01,03
Read,1C,00,00,01
Write,1C,01,01,01
Read,1C,05,D3,02
Write,1C,01,00,CC
Read,1C,7F,0C,F1
Write,1C,0D,02,7F
Read,1C,00,02,35
Write,1C,0D,02,80
Read,1C,00,03,1A
Write,1C,0D,10,3F,08,00,08,00
Write,1C,0D,12,9B
Read,1C,08,00
Write,1C,0D,12,9C
Read,1C,08,00
Write,1C,0D,12,9D
Read,1C,08,00
Write,1C,0D,12,9E
Read,1C,08,00
Write,1C,01,00,CB
Read,1C,40,48,B4
Write,1C,01,01,03
Read,1C,00,00,01
Write,1C,01,01,01
Read,1C,08,7A,28
Write,1C,01,00,CC
Read,1C,7E,C0,5B
Write,1C,01,00,95
Read,1C,12
Write,1C,01,00,CB
Read,1C,3E,FD,25
Write,1C,01,01,03
Read,1C,00,00,01
Write,1C,01,01,01
Read,1C,05,1B,BB
Write,1C,01,00,CC
Read,1C,7F,0B,2D
Write,1C,01,00,95
Read,1C,12
Write,1C,01,00,CB
Read,1C,3F,75,13
Write,1C,01,01,03
Read,1C,00,00,01
Write,1C,01,01,01
Read,1C,03,3D,4C
Write,1C,01,00,CC
Read,1C,7E,36,58
Write,1C,0D,02,7F
Read,1C,00,02,03
Write,1C,0D,02,80
Read,1C,00,02,9E
Write,1C,0D,10,1C,07,F4,02,19,0C,0B,04,D8,00,05,06,6C,00,00,00,00,0F,FA,01,94,00,4A
Write,1C,0D,00,69,00,00,A7
Write,1C,0D,00,6A,00,00,0B
Write,1C,0D,12,9B
Read,1C,08,00
Write,1C,0D,12,9C
Read,1C,08,00
Write,1C,0D,12,9D
Read,1C,08,00
Write,1C,0D,12,9E
Read,1C,08,00
Write,1C,01,00,95
Read,1C,12
Write,1C,01,00,CB
Read,1C,3E,B6,29
Write,1C,01,01,03
Read,1C,00,00,01
Write,1C,01,01,01
Read,1C,02,5B,19
Write,1C,01,00,CC
Read,1C,7F,86,A7
Write,1C,0D,02,7F
Read,1C,00,01,EA
Write,1C,0D,02,80
Read,1C,00,02,72
Write,1C,0D,12,9B
Read,1C,08,00
Write,1C,0D,12,9C
Read,1C,08,00
Write,1C,0D,12,9D
Read,1C,08,00
Write,1C,0D,12,9E
Read,1C,08,00
Write,1C,01,00,95
Read,1C,12
Write,1C,01,00,CB
Read,1C,3E,9B,4B
Write,1C,01,01,03
Read,1C,00,00,01
Write,1C,01,01,01
Read,1C,03,CE,D3
Write,1C,01,00,CC
Read,1C,7F,FF,FF
Write,1C,01,00,95
Read,1C,12
Write,1C,01,00,CB
Read,1C,3E,8B,08
Write,1C,01,01,03
Read,1C,00,00,01
Write,1C,01,01,01
Read,1C,04,C9,F7
Write,1C,01,00,CC
Read,1C,7F,06,0E
Write,1C,0D,02,7F
Read,1C,00,02,6C
Write,1C,0D,02,80
Read,1C,00,03,14
Write,1C,0D,10,1C,03,B1,05,D8,0F,DB
Write,1C,0D,00,69,00,00,B2
Write,1C,0D,00,6A,00,00,03
Write,1C,0D,12,9B
Read,1C,08,00
Write,1C,0D,12,9C
Read,1C,08,00
Write,1C,0D,12,9D
Read,1C,08,00
Write,1C,0D,12,9E
Read,1C,08,00
Write,1C,01,00,95
Read,1C,12
Write,1C,01,00,CB
Read,1C,40,B9,5E
Write,1C,01,01,03
Read,1C,00,00,01
Write,1C,01,01,01
Read,1C,02,BD,C7
Write,1C,01,00,CC
Read,1C,7F,CC,17
Write,1C,0D,02,7F
Read,1C,00,05,6A
Write,1C,0D,02,80
Read,1C,00,07,AD
Write,1C,0D,12,9B
Read,1C,08,00
Write,1C,0D,12,9C
Read,1C,08,00
Write,1C,0D,12,9D
Read,1C,08,00
Write,1C,0D,12,9E
Read,1C,08,00
Write,1C,0D,10,1C,07,FC,07,F7,07,6B,0C,07,07,B5,00,03,00,4B,0F,FC
Write,1C,0D,00,69,00,02,B6
Write,1C,0D,00,6A,00,00,08
Write,1C,0D,10,1C,00,A6,0F,89,01,C4,00,00,0E,3C
Write,1C,0D,00,69,00,02,BE
Write,1C,0D,00,6A,00,00,05
Write,1C,0D,12,CB,02,29
Write,1C,0D,12,D1,01,2B
Write,1C,01,00,CB
Read,1C,3F,F7,62
Write,1C,01,01,03
Read,1C,00,00,01
Write,1C,01,01,01
Read,1C,03,CA,4A
Write,1C,01,00,CC
Read,1C,7F,26,53
Write,1C,01,00,95
Read,1C,11
Write,1C,01,00,CB
Read,1C,3F,9B,0B
Write,1C,01,01,03
Read,1C,00,00,01
Write,1C,01,01,01
Read,1C,02,E9,1B
Write,1C,01,00,CC
Read,1C,7F,3C,F1
Write,1C,01,00,95
Read,1C,11
Write,1C,01,00,CB
Read,1C,40,10,28
Write,1C,01,01,03
Read,1C,00,00,01
Write,1C,01,01,01
Read,1C,03,F2,7D
Write,1C,01,00,CC
Read,1C,7F,D7,AF
Write,1C,0D,02,7F
Read,1C,00,02,38
Write,1C,0D,02,80
Read,1C,00,02,CA
Write,1C,0D,12,9B
Read,1C,08,00
Write,1C,0D,12,9C
Read,1C,08,00
Write,1C,0D,12,9D
Read,1C,08,00
Write,1C,0D,12,9E
Read,1C,08,00
Write,1C,0D,10,4F,02,02,02,02
Write,1C,0D,10,53,07,FF
Write,1C,0D,10,6F,01,44
Write,1C,0D,10,70,03,00
Write,1C,0D,10,54,05,B8,05,B8
Write,1C,0D,10,58,04,00
Write,1C,01,00,95
Read,1C,12
Write,1C,01,00,CB
Read,1C,3F,1B,FB
Write,1C,01,01,03
Read,1C,00,00,01
Write,1C,01,01,01
Read,1C,04,2B,F8
Write,1C,01,00,CC
Read,1C,7F,91,BA
Write,1C,0D,02,7F
Read,1C,00,01,A0
Write,1C,0D,02,80
Read,1C,00,02,3A
Write,1C,0D,10,6B,0F,E3,00,08
Write,1C,0D,12,C5,00,00
Write,1C,0D,12,9B
Read,1C,08,00
Write,1C,0D,12,9C
Read,1C,08,00
Write,1C,0D,12,9D
Read,1C,08,00
Write,1C,0D,12,9E
Read,1C,08,00
Write,1C,01,00,95
Read,1C,12
Write,1C,01,00,CB
Read,1C,3E,98,41
Write,1C,01,01,03
Read,1C,00,00,01
Write,1C,01,01,01
Read,1C,05,64,50
Write,1C,01,00,CC
Read,1C,7E,B5,EC
Write,1C,01,00,95
Read,1C,12
Write,1C,01,00,CB
Read,1C,3E,86,09
Write,1C,01,01,03
Read,1C,00,00,01
Write,1C,01,01,01
Read,1C,03,DA,C6
Write,1C,01,00,CC
